,features,importance_gain
0,color,18.5568155515939
1,intensity,114.15325736999512
2,shape_size,0.0
3,integration,0.0
4,choice,0.0
5,visibility,0.0
6,proximity2dp,30.076799392700195
7,proximity2fe,6.683970093727112
8,proximity2be,0.22471900284290314
9,uniqueness,0.0
10,wellknownness,34.081298828125
11,relevance,8.181381949107163
