,features,importance_gain
0,color,11.684446490718983
1,intensity,102.71731773018837
2,shape_size,0.0
3,integration,32.078399658203125
4,choice,0.0
5,visibility,0.0
6,proximity2dp,11.958200991153717
7,proximity2fe,26.742889881134033
8,proximity2be,0.0
9,uniqueness,0.0
10,wellknownness,0.0
11,relevance,8.09727239064523
