,features,importance_gain
0,color,51.7213972536847
1,intensity,161.5981125702092
2,shape_size,0.0
3,integration,0.0
4,choice,0.0
5,visibility,4.933889865875244
6,proximity2dp,0.0
7,proximity2fe,16.300999879837036
8,proximity2be,39.78834867477417
9,uniqueness,0.0
10,wellknownness,0.0
11,relevance,19.947494686348364
