,fold,role,familiarity,test set size,hit number,HR,MAE
0,1,staff,familiar,13,2,0.15384615384615385,2.193658104213931
1,1,staff,unfamiliar,12,2,0.16666666666666666,2.3448154924885425
2,1,student,familiar,13,11,0.8461538461538461,1.4437233054320378
3,1,student,unfamiliar,16,7,0.4375,2.1698303899117786
