,fold,role,familiarity,test set size,hit number,HR,MAE
0,5,staff,familiar,12,6,0.5,1.6255787154140506
1,5,staff,unfamiliar,11,7,0.6363636363636364,1.4391979047147025
2,5,student,familiar,12,10,0.8333333333333334,1.2373033906136717
3,5,student,unfamiliar,11,5,0.45454545454545453,1.5892143650272117
