,fold,role,familiarity,test set size,hit number,HR,MAE
0,11,staff,familiar,10,9,0.9,1.4388502494374904
1,11,staff,unfamiliar,9,7,0.7777777777777778,1.6544472092969302
2,11,student,familiar,10,4,0.4,1.5117450780218482
3,11,student,unfamiliar,12,8,0.6666666666666666,1.55421107379402
