,fold,role,familiarity,test set size,hit number,HR,MAE
0,3,staff,familiar,13,10,0.7692307692307693,1.310627816684181
1,3,staff,unfamiliar,14,10,0.7142857142857143,1.4725445973990408
2,3,student,familiar,11,10,0.9090909090909091,1.3625703907889457
3,3,student,unfamiliar,13,11,0.8461538461538461,1.4916746753208705
