,fold,role,familiarity,test set size,hit number,HR,MAE
0,9,staff,familiar,10,5,0.5,1.7450203288062567
1,9,staff,unfamiliar,9,6,0.6666666666666666,1.4062828076418483
2,9,student,familiar,13,11,0.8461538461538461,1.1169502181979394
3,9,student,unfamiliar,14,10,0.7142857142857143,1.2142587495801824
