,fold,role,familiarity,test set size,hit number,HR,MAE
0,14,staff,familiar,7,6,0.8571428571428571,1.6131810944216565
1,14,staff,unfamiliar,7,3,0.42857142857142855,1.946916393541299
2,14,student,familiar,9,5,0.5555555555555556,1.398348246813165
3,14,student,unfamiliar,10,3,0.3,2.082664401550937
