,fold,role,familiarity,test set size,hit number,HR,MAE
0,2,staff,familiar,12,9,0.75,1.2642596858869068
1,2,staff,unfamiliar,13,9,0.6923076923076923,1.4883911527144715
2,2,student,familiar,8,7,0.875,1.2018713935110514
3,2,student,unfamiliar,10,8,0.8,1.361215191023024
