,fold,role,familiarity,test set size,hit number,HR,MAE
0,17,staff,familiar,11,8,0.7272727272727273,1.416001360457457
1,17,staff,unfamiliar,12,7,0.5833333333333334,1.4490517555503477
2,17,student,familiar,9,7,0.7777777777777778,1.6559840987988481
3,17,student,unfamiliar,8,4,0.5,2.0718522963648125
