,fold,role,familiarity,test set size,hit number,HR,MAE
0,10,staff,familiar,16,11,0.6875,1.5605665342404134
1,10,staff,unfamiliar,16,8,0.5,1.1537805250999547
2,10,student,familiar,13,11,0.8461538461538461,1.26655755721823
3,10,student,unfamiliar,13,11,0.8461538461538461,1.515505380002461
