,features,importance_gain
0,color,20.57704383134842
1,intensity,41.49886207282543
2,shape_size,18.72001115977764
3,integration,11.70842981338501
4,choice,0.0
5,visibility,57.96653199195862
6,proximity2dp,14.931072622537613
7,proximity2fe,10.740606009960175
8,proximity2be,12.567737936973572
9,uniqueness,1.2297939956188202
10,wellknownness,11.697815716266632
11,relevance,112.04766698181629
