,features,importance_gain
0,color,13.202160835266113
1,intensity,18.759595423936844
2,shape_size,2.5472169518470764
3,integration,25.490490198135376
4,choice,0.0
5,visibility,32.60389757156372
6,proximity2dp,0.0
7,proximity2fe,0.0
8,proximity2be,3.6491899490356445
9,uniqueness,8.163259983062744
10,wellknownness,12.54990005493164
11,relevance,62.510167986154556
