,features,importance_gain
0,color,12.628518857061863
1,intensity,19.027308113873005
2,shape_size,14.88793283700943
3,integration,12.847092777490616
4,choice,0.11500180140137672
5,visibility,76.53455401957035
6,proximity2dp,8.452543459832668
7,proximity2fe,25.15375903248787
8,proximity2be,20.080939657986164
9,uniqueness,0.41360869631171227
10,wellknownness,21.35769784450531
11,relevance,124.52113354206085
