,features,importance_gain
0,color,11.330822739750147
1,intensity,10.757051683962345
2,shape_size,6.6064775213599205
3,integration,0.0
4,choice,0.34575599431991577
5,visibility,65.57186076045036
6,proximity2dp,13.613963678479195
7,proximity2fe,48.12547838687897
8,proximity2be,1.3083300590515137
9,uniqueness,4.858893930912018
10,wellknownness,1.8753399848937988
11,relevance,132.48825593665242
