,features,importance_gain
0,color,3.861829996109009
1,intensity,1.4493099451065063
2,shape_size,1.1828199625015259
3,integration,0.0
4,choice,0.0
5,visibility,8.088629722595215
6,proximity2dp,0.0
7,proximity2fe,0.8980219960212708
8,proximity2be,0.0
9,uniqueness,0.0
10,wellknownness,2.499150037765503
11,relevance,14.658757895231247
