,features,importance_gain
0,color,0.0
1,intensity,9.075407207012177
2,shape_size,4.522059917449951
3,integration,0.0
4,choice,0.0
5,visibility,0.5133540034294128
6,proximity2dp,0.0
7,proximity2fe,2.9593270123004913
8,proximity2be,0.3537980020046234
9,uniqueness,0.0
10,wellknownness,0.0
11,relevance,12.694025814533234
