,features,importance_gain
0,color,35.79559642355889
1,intensity,26.00041788071394
2,shape_size,13.926589980721474
3,integration,10.402591120451689
4,choice,0.6263949871063232
5,visibility,53.704036585986614
6,proximity2dp,46.16843047738075
7,proximity2fe,18.692278280854225
8,proximity2be,2.2702369540929794
9,uniqueness,7.287080883979797
10,wellknownness,0.9841300249099731
11,relevance,172.35509941354394
