,features,importance_gain
0,color,20.222567279532086
1,intensity,39.204998306930065
2,shape_size,9.803805083036423
3,integration,4.339392960071564
4,choice,0.0
5,visibility,52.422163248062134
6,proximity2dp,3.185903921723366
7,proximity2fe,30.95187994837761
8,proximity2be,1.8513150215148926
9,uniqueness,0.6763449907302856
10,wellknownness,6.547438085079193
11,relevance,142.69494877010584
