,features,importance_gain
0,color,13.021963637322187
1,intensity,15.906603813171387
2,shape_size,2.923625111579895
3,integration,0.0
4,choice,0.0
5,visibility,50.91589021682739
6,proximity2dp,2.2152949571609497
7,proximity2fe,11.550748765468597
8,proximity2be,7.054119825363159
9,uniqueness,5.879340171813965
10,wellknownness,0.0
11,relevance,94.08838018774986
