,features,importance_gain
0,color,4.036529123783112
1,intensity,3.2699499130249023
2,shape_size,0.48712798953056335
3,integration,0.0
4,choice,0.0
5,visibility,8.99940013885498
6,proximity2dp,0.0
7,proximity2fe,0.0
8,proximity2be,0.0
9,uniqueness,0.0
10,wellknownness,7.069620132446289
11,relevance,6.9287049472332
