,features,importance_gain
0,color,1.0020066366996616
1,intensity,5.204295600706246
2,shape_size,0.40049015590921044
3,integration,0.014586499892175198
4,choice,0.0
5,visibility,15.223820365034044
6,proximity2dp,0.0
7,proximity2fe,1.0456539988517761
8,proximity2be,0.0
9,uniqueness,0.0
10,wellknownness,0.0
11,relevance,12.735349133610725
