,features,importance_gain
0,color,26.66052907705307
1,intensity,18.02001917362213
2,shape_size,0.0
3,integration,6.016829967498779
4,choice,12.738200187683105
5,visibility,33.59565985202789
6,proximity2dp,27.9780011177063
7,proximity2fe,3.856361001729965
8,proximity2be,0.0
9,uniqueness,0.0
10,wellknownness,5.041749954223633
11,relevance,66.24412816762924
