,features,importance_gain
0,color,16.83003318309784
1,intensity,18.846088737249374
2,shape_size,7.193617761135101
3,integration,7.572799921035767
4,choice,0.0
5,visibility,31.749250411987305
6,proximity2dp,0.0
7,proximity2fe,9.38681960105896
8,proximity2be,0.0
9,uniqueness,0.0
10,wellknownness,0.0
11,relevance,73.13601399958134
