,features,importance_gain
0,color,15.387043677183101
1,intensity,26.9675350174075
2,shape_size,15.662265918566845
3,integration,3.173703694716096
4,choice,0.0
5,visibility,61.35734263021732
6,proximity2dp,0.2513960003852844
7,proximity2fe,13.799980163574219
8,proximity2be,3.7990190386772156
9,uniqueness,0.0
10,wellknownness,10.384099960327148
11,relevance,79.63042125795619
