,features,importance_gain
0,color,30.031856030225754
1,intensity,67.88639719039202
2,shape_size,7.038550987839699
3,integration,4.812652885913849
4,choice,0.0
5,visibility,41.06015340983868
6,proximity2dp,12.44241014122963
7,proximity2fe,20.183331057429314
8,proximity2be,1.4664979577064514
9,uniqueness,1.7731599807739258
10,wellknownness,2.648229956626892
11,relevance,137.16851022839546
