,features,importance_gain
0,color,7.487667828798294
1,intensity,11.625979542732239
2,shape_size,0.0
3,integration,2.815030097961426
4,choice,0.0
5,visibility,0.0
6,proximity2dp,0.0
7,proximity2fe,0.0
8,proximity2be,1.1613800525665283
9,uniqueness,0.7459869980812073
10,wellknownness,0.0
11,relevance,11.074773728847504
