,features,importance_gain
0,color,18.91769509203732
1,intensity,40.677032113075256
2,shape_size,8.09184666723013
3,integration,3.258844628930092
4,choice,18.247100830078125
5,visibility,77.35255260020494
6,proximity2dp,6.866321872919798
7,proximity2fe,41.27661807835102
8,proximity2be,4.062049999833107
9,uniqueness,0.8965902999043465
10,wellknownness,1.3381099998950958
11,relevance,165.3305741995573
