,features,importance_gain
0,color,21.316331281675957
1,intensity,21.703072576783597
2,shape_size,4.373693063855171
3,integration,3.333952084183693
4,choice,0.0
5,visibility,46.056899070739746
6,proximity2dp,11.602591648697853
7,proximity2fe,22.367500096559525
8,proximity2be,1.1613800525665283
9,uniqueness,0.7459869980812073
10,wellknownness,9.551589965820312
11,relevance,84.27876189118251
