,features,importance_gain
0,color,16.91979593038559
1,intensity,51.958349138498306
2,shape_size,6.756348073482513
3,integration,2.3413220047950745
4,choice,0.6336910128593445
5,visibility,41.904650926589966
6,proximity2dp,0.0
7,proximity2fe,9.33800607919693
8,proximity2be,12.708826065063477
9,uniqueness,0.0
10,wellknownness,2.606790065765381
11,relevance,117.72343423962593
