,features,importance_gain
0,color,4.458254189696163
1,intensity,2.3426156491041183
2,shape_size,1.3166529685258865
3,integration,0.0
4,choice,0.0
5,visibility,8.088629722595215
6,proximity2dp,0.0
7,proximity2fe,0.8980219960212708
8,proximity2be,0.0
9,uniqueness,0.0
10,wellknownness,2.499150037765503
11,relevance,15.784330874681473
