,features,importance
4,str_cho,0.017988289759105835
9,sem_fun,0.021396862163616293
8,str_be,0.04690364066529596
6,str_ci,0.07117072596004807
3,str_itg,0.07247719801762013
2,vis_siz,0.08408044619090857
10,sem_nam,0.10657426872477024
7,str_fe,0.124027530004506
0,vis_col,0.22048117369987952
1,vis_its,0.33773592937459185
5,str_vbl,0.447624239318133
11,sem_rel,0.9836762271546488
