,features,importance
3,str_itg,0.05426727885286902
4,str_cho,0.07286832035259999
10,sem_nam,0.08199373229606625
9,sem_fun,0.08794613333650786
2,vis_siz,0.09183163955384124
6,str_ci,0.09462774065304563
7,str_fe,0.11557004661914683
8,str_be,0.13561775441580104
11,sem_rel,0.1738163594259731
0,vis_col,0.25240372827454594
5,str_vbl,0.31179890043794467
1,vis_its,0.8342634492085819
